method,number,name,fold,symbolCount,numOfAttentionLayers,header,dmodel,dff,ncoef,strategy,architecture,dropout,num_resblocks,num_channels,use_1x1conv,lr,Test Accuracy
CATCH22,1,Adiac,0,0,,,,,,uniform,resnet,,3.0,64.0,True,True,0.24040920716112532
CATCH22,1,Adiac,1,0,,,,,,uniform,resnet,,3.0,64.0,True,True,0.19948849104859334
CATCH22,1,Adiac,2,0,,,,,,uniform,resnet,,3.0,64.0,True,True,0.27621483375959077
CATCH22,1,Adiac,3,0,,,,,,uniform,resnet,,3.0,64.0,True,True,0.2557544757033248
CATCH22,1,Adiac,4,0,,,,,,uniform,resnet,,3.0,64.0,True,True,0.29411764705882354
CATCH22,6,BME,0,0,,,,,,uniform,resnet,,3.0,64.0,True,True,0.7466666666666667
CATCH22,6,BME,1,0,,,,,,uniform,resnet,,3.0,64.0,True,True,0.7333333333333333
CATCH22,6,BME,2,0,,,,,,uniform,resnet,,3.0,64.0,True,True,0.82
CATCH22,6,BME,3,0,,,,,,uniform,resnet,,3.0,64.0,True,True,0.6733333333333333
CATCH22,6,BME,4,0,,,,,,uniform,resnet,,3.0,64.0,True,True,0.8133333333333334
CATCH22,7,Beef,0,0,3.0,4.0,32.0,16.0,,,transformer,0.0,,,,,0.4666666666666667
CATCH22,7,Beef,1,0,3.0,4.0,32.0,16.0,,,transformer,0.0,,,,,0.4
CATCH22,7,Beef,2,0,3.0,4.0,32.0,16.0,,,transformer,0.0,,,,,0.23333333333333334
CATCH22,7,Beef,3,0,3.0,4.0,32.0,16.0,,,transformer,0.0,,,,,0.4666666666666667
CATCH22,7,Beef,4,0,3.0,4.0,32.0,16.0,,,transformer,0.0,,,,,0.4
CATCH22,9,BirdChicken,0,0,,,,,,uniform,resnet,,3.0,64.0,True,True,0.6
CATCH22,9,BirdChicken,1,0,,,,,,uniform,resnet,,3.0,64.0,True,True,0.75
CATCH22,9,BirdChicken,2,0,,,,,,uniform,resnet,,3.0,64.0,True,True,0.6
CATCH22,9,BirdChicken,3,0,,,,,,uniform,resnet,,3.0,64.0,True,True,0.75
CATCH22,9,BirdChicken,4,0,,,,,,uniform,resnet,,3.0,64.0,True,True,0.6
CATCH22,10,CBF,0,0,,,,,,uniform,resnet,,3.0,16.0,True,True,0.8266666666666667
CATCH22,10,CBF,1,0,,,,,,uniform,resnet,,3.0,16.0,True,True,0.8222222222222222
CATCH22,10,CBF,2,0,,,,,,uniform,resnet,,3.0,16.0,True,True,0.5622222222222222
CATCH22,10,CBF,3,0,,,,,,uniform,resnet,,3.0,16.0,True,True,0.7177777777777777
CATCH22,10,CBF,4,0,,,,,,uniform,resnet,,3.0,16.0,True,True,0.5811111111111111
CATCH22,11,Car,0,0,,,,,,uniform,resnet,,3.0,64.0,True,True,0.6333333333333333
CATCH22,11,Car,1,0,,,,,,uniform,resnet,,3.0,64.0,True,True,0.6666666666666666
CATCH22,11,Car,2,0,,,,,,uniform,resnet,,3.0,64.0,True,True,0.6
CATCH22,11,Car,3,0,,,,,,uniform,resnet,,3.0,64.0,True,True,0.4666666666666667
CATCH22,11,Car,4,0,,,,,,uniform,resnet,,3.0,64.0,True,True,0.6666666666666666
CATCH22,12,Chinatown,0,0,3.0,4.0,32.0,16.0,,,transformer,0.0,,,,,0.760932944606414
CATCH22,12,Chinatown,1,0,3.0,4.0,32.0,16.0,,,transformer,0.0,,,,,0.760932944606414
CATCH22,12,Chinatown,2,0,3.0,4.0,32.0,16.0,,,transformer,0.0,,,,,0.8950437317784257
CATCH22,12,Chinatown,3,0,3.0,4.0,32.0,16.0,,,transformer,0.0,,,,,0.7842565597667639
CATCH22,12,Chinatown,4,0,3.0,4.0,32.0,16.0,,,transformer,0.0,,,,,0.7784256559766763
CATCH22,13,ChlorineConcentration,0,0,,,,,,uniform,resnet,,3.0,64.0,True,True,0.5536458333333333
CATCH22,13,ChlorineConcentration,1,0,,,,,,uniform,resnet,,3.0,64.0,True,True,0.5520833333333334
CATCH22,13,ChlorineConcentration,2,0,,,,,,uniform,resnet,,3.0,64.0,True,True,0.5513020833333333
CATCH22,13,ChlorineConcentration,3,0,,,,,,uniform,resnet,,3.0,64.0,True,True,0.5359375
CATCH22,13,ChlorineConcentration,4,0,,,,,,uniform,resnet,,3.0,64.0,True,True,0.5325520833333334
CATCH22,15,Coffee,0,0,,,,,,uniform,resnet,,3.0,64.0,True,True,0.5357142857142857
CATCH22,15,Coffee,1,0,,,,,,uniform,resnet,,3.0,64.0,True,True,1.0
CATCH22,15,Coffee,2,0,,,,,,uniform,resnet,,3.0,64.0,True,True,1.0
CATCH22,15,Coffee,3,0,,,,,,uniform,resnet,,3.0,64.0,True,True,1.0
CATCH22,15,Coffee,4,0,,,,,,uniform,resnet,,3.0,64.0,True,True,0.4642857142857143
CATCH22,17,CricketX,0,0,3.0,4.0,32.0,16.0,,,transformer,0.0,,,,,0.4948717948717949
CATCH22,17,CricketX,1,0,3.0,4.0,32.0,16.0,,,transformer,0.0,,,,,0.45384615384615384
CATCH22,17,CricketX,2,0,3.0,4.0,32.0,16.0,,,transformer,0.0,,,,,0.5025641025641026
CATCH22,17,CricketX,3,0,3.0,4.0,32.0,16.0,,,transformer,0.0,,,,,0.49230769230769234
CATCH22,17,CricketX,4,0,3.0,4.0,32.0,16.0,,,transformer,0.0,,,,,0.5384615384615384
CATCH22,18,CricketY,0,0,3.0,4.0,128.0,64.0,,,transformer,0.0,,,,,0.4641025641025641
CATCH22,18,CricketY,1,0,3.0,4.0,128.0,64.0,,,transformer,0.0,,,,,0.4461538461538462
CATCH22,18,CricketY,2,0,3.0,4.0,128.0,64.0,,,transformer,0.0,,,,,0.47692307692307695
CATCH22,18,CricketY,3,0,3.0,4.0,128.0,64.0,,,transformer,0.0,,,,,0.4307692307692308
CATCH22,18,CricketY,4,0,3.0,4.0,128.0,64.0,,,transformer,0.0,,,,,0.47692307692307695
CATCH22,19,CricketZ,0,0,,,,,,uniform,resnet,,3.0,64.0,True,True,0.41794871794871796
CATCH22,19,CricketZ,1,0,,,,,,uniform,resnet,,3.0,64.0,True,True,0.4
CATCH22,19,CricketZ,2,0,,,,,,uniform,resnet,,3.0,64.0,True,True,0.41794871794871796
CATCH22,19,CricketZ,3,0,,,,,,uniform,resnet,,3.0,64.0,True,True,0.4025641025641026
CATCH22,19,CricketZ,4,0,,,,,,uniform,resnet,,3.0,64.0,True,True,0.4307692307692308
CATCH22,20,Crop,0,0,,,,,,uniform,resnet,,3.0,64.0,True,True,0.5529166666666666
CATCH22,20,Crop,1,0,,,,,,uniform,resnet,,3.0,64.0,True,True,0.54125
CATCH22,20,Crop,2,0,,,,,,uniform,resnet,,3.0,64.0,True,True,0.5420833333333334
CATCH22,20,Crop,3,0,,,,,,uniform,resnet,,3.0,64.0,True,True,0.5469642857142857
CATCH22,20,Crop,4,0,,,,,,uniform,resnet,,3.0,64.0,True,True,0.5417261904761905
CATCH22,22,DistalPhalanxOutlineAgeGroup,0,0,,,,,,uniform,resnet,,3.0,64.0,True,True,0.6546762589928058
CATCH22,22,DistalPhalanxOutlineAgeGroup,1,0,,,,,,uniform,resnet,,3.0,64.0,True,True,0.6906474820143885
CATCH22,22,DistalPhalanxOutlineAgeGroup,2,0,,,,,,uniform,resnet,,3.0,64.0,True,True,0.7194244604316546
CATCH22,22,DistalPhalanxOutlineAgeGroup,3,0,,,,,,uniform,resnet,,3.0,64.0,True,True,0.6474820143884892
CATCH22,22,DistalPhalanxOutlineAgeGroup,4,0,,,,,,uniform,resnet,,3.0,64.0,True,True,0.6690647482014388
CATCH22,23,DistalPhalanxOutlineCorrect,0,0,,,,,,uniform,resnet,,3.0,64.0,True,True,0.7427536231884058
CATCH22,23,DistalPhalanxOutlineCorrect,1,0,,,,,,uniform,resnet,,3.0,64.0,True,True,0.7391304347826086
CATCH22,23,DistalPhalanxOutlineCorrect,2,0,,,,,,uniform,resnet,,3.0,64.0,True,True,0.75
CATCH22,23,DistalPhalanxOutlineCorrect,3,0,,,,,,uniform,resnet,,3.0,64.0,True,True,0.75
CATCH22,23,DistalPhalanxOutlineCorrect,4,0,,,,,,uniform,resnet,,3.0,64.0,True,True,0.7608695652173914
CATCH22,24,DistalPhalanxTW,0,0,,,,,,uniform,resnet,,3.0,64.0,True,True,0.6546762589928058
CATCH22,24,DistalPhalanxTW,1,0,,,,,,uniform,resnet,,3.0,64.0,True,True,0.6330935251798561
CATCH22,24,DistalPhalanxTW,2,0,,,,,,uniform,resnet,,3.0,64.0,True,True,0.6258992805755396
CATCH22,24,DistalPhalanxTW,3,0,,,,,,uniform,resnet,,3.0,64.0,True,True,0.6258992805755396
CATCH22,24,DistalPhalanxTW,4,0,,,,,,uniform,resnet,,3.0,64.0,True,True,0.6115107913669064
CATCH22,28,ECG200,0,0,,,,,,uniform,resnet,,3.0,64.0,True,True,0.7
CATCH22,28,ECG200,1,0,,,,,,uniform,resnet,,3.0,64.0,True,True,0.71
CATCH22,28,ECG200,2,0,,,,,,uniform,resnet,,3.0,64.0,True,True,0.72
CATCH22,28,ECG200,3,0,,,,,,uniform,resnet,,3.0,64.0,True,True,0.78
CATCH22,28,ECG200,4,0,,,,,,uniform,resnet,,3.0,64.0,True,True,0.77
CATCH22,29,ECG5000,0,0,3.0,4.0,128.0,64.0,,,transformer,0.0,,,,,0.9117777777777778
CATCH22,29,ECG5000,1,0,3.0,4.0,128.0,64.0,,,transformer,0.0,,,,,0.924
CATCH22,29,ECG5000,2,0,3.0,4.0,128.0,64.0,,,transformer,0.0,,,,,0.9271111111111111
CATCH22,29,ECG5000,3,0,3.0,4.0,128.0,64.0,,,transformer,0.0,,,,,0.9193333333333333
CATCH22,29,ECG5000,4,0,3.0,4.0,128.0,64.0,,,transformer,0.0,,,,,0.9177777777777778
CATCH22,36,FaceAll,0,0,,,,,,uniform,resnet,,3.0,64.0,True,True,0.6142011834319526
CATCH22,36,FaceAll,1,0,,,,,,uniform,resnet,,3.0,64.0,True,True,0.6544378698224852
CATCH22,36,FaceAll,2,0,,,,,,uniform,resnet,,3.0,64.0,True,True,0.6414201183431952
CATCH22,36,FaceAll,3,0,,,,,,uniform,resnet,,3.0,64.0,True,True,0.6390532544378699
CATCH22,36,FaceAll,4,0,,,,,,uniform,resnet,,3.0,64.0,True,True,0.649112426035503
CATCH22,38,FacesUCR,0,0,3.0,4.0,128.0,64.0,,,transformer,0.0,,,,,0.5604878048780488
CATCH22,38,FacesUCR,1,0,3.0,4.0,128.0,64.0,,,transformer,0.0,,,,,0.5921951219512195
CATCH22,38,FacesUCR,2,0,3.0,4.0,128.0,64.0,,,transformer,0.0,,,,,0.577560975609756
CATCH22,38,FacesUCR,3,0,3.0,4.0,128.0,64.0,,,transformer,0.0,,,,,0.593170731707317
CATCH22,38,FacesUCR,4,0,3.0,4.0,128.0,64.0,,,transformer,0.0,,,,,0.6302439024390244
CATCH22,39,FiftyWords,0,0,3.0,4.0,128.0,64.0,,,transformer,0.0,,,,,0.5340659340659341
CATCH22,39,FiftyWords,1,0,3.0,4.0,128.0,64.0,,,transformer,0.0,,,,,0.5098901098901099
CATCH22,39,FiftyWords,2,0,3.0,4.0,128.0,64.0,,,transformer,0.0,,,,,0.5186813186813187
CATCH22,39,FiftyWords,3,0,3.0,4.0,128.0,64.0,,,transformer,0.0,,,,,0.5230769230769231
CATCH22,39,FiftyWords,4,0,3.0,4.0,128.0,64.0,,,transformer,0.0,,,,,0.5384615384615384
CATCH22,40,Fish,0,0,,,,,,uniform,resnet,,3.0,64.0,True,True,0.56
CATCH22,40,Fish,1,0,,,,,,uniform,resnet,,3.0,64.0,True,True,0.6114285714285714
CATCH22,40,Fish,2,0,,,,,,uniform,resnet,,3.0,64.0,True,True,0.64
CATCH22,40,Fish,3,0,,,,,,uniform,resnet,,3.0,64.0,True,True,0.5371428571428571
CATCH22,40,Fish,4,0,,,,,,uniform,resnet,,3.0,64.0,True,True,0.5942857142857143
CATCH22,41,FordA,0,0,,,,,,uniform,resnet,,3.0,64.0,True,True,0.8848484848484849
CATCH22,41,FordA,1,0,,,,,,uniform,resnet,,3.0,64.0,True,True,0.8810606060606061
CATCH22,41,FordA,2,0,,,,,,uniform,resnet,,3.0,64.0,True,True,0.8810606060606061
CATCH22,41,FordA,3,0,,,,,,uniform,resnet,,3.0,64.0,True,True,0.8765151515151515
CATCH22,41,FordA,4,0,,,,,,uniform,resnet,,3.0,64.0,True,True,0.8931818181818182
CATCH22,42,FordB,0,0,,,,,,uniform,resnet,,3.0,64.0,True,True,0.6592592592592592
CATCH22,42,FordB,1,0,,,,,,uniform,resnet,,3.0,64.0,True,True,0.717283950617284
CATCH22,42,FordB,2,0,,,,,,uniform,resnet,,3.0,64.0,True,True,0.7086419753086419
CATCH22,42,FordB,3,0,,,,,,uniform,resnet,,3.0,64.0,True,True,0.7111111111111111
CATCH22,42,FordB,4,0,,,,,,uniform,resnet,,3.0,64.0,True,True,0.7209876543209877
CATCH22,43,FreezerRegularTrain,0,0,3.0,4.0,128.0,64.0,,,transformer,0.0,,,,,0.9936842105263158
CATCH22,43,FreezerRegularTrain,1,0,3.0,4.0,128.0,64.0,,,transformer,0.0,,,,,0.9968421052631579
CATCH22,43,FreezerRegularTrain,2,0,3.0,4.0,128.0,64.0,,,transformer,0.0,,,,,0.9971929824561403
CATCH22,43,FreezerRegularTrain,3,0,3.0,4.0,128.0,64.0,,,transformer,0.0,,,,,0.9971929824561403
CATCH22,43,FreezerRegularTrain,4,0,3.0,4.0,128.0,64.0,,,transformer,0.0,,,,,0.9971929824561403
CATCH22,51,GunPoint,0,0,3.0,4.0,128.0,64.0,,,transformer,0.0,,,,,0.94
CATCH22,51,GunPoint,1,0,3.0,4.0,128.0,64.0,,,transformer,0.0,,,,,0.9266666666666666
CATCH22,51,GunPoint,2,0,3.0,4.0,128.0,64.0,,,transformer,0.0,,,,,0.9066666666666666
CATCH22,51,GunPoint,3,0,3.0,4.0,128.0,64.0,,,transformer,0.0,,,,,0.9466666666666667
CATCH22,51,GunPoint,4,0,3.0,4.0,128.0,64.0,,,transformer,0.0,,,,,0.9333333333333333
CATCH22,52,GunPointAgeSpan,0,0,3.0,4.0,128.0,64.0,,,transformer,0.0,,,,,0.930379746835443
CATCH22,52,GunPointAgeSpan,1,0,3.0,4.0,128.0,64.0,,,transformer,0.0,,,,,0.9018987341772152
CATCH22,52,GunPointAgeSpan,2,0,3.0,4.0,128.0,64.0,,,transformer,0.0,,,,,0.8734177215189873
CATCH22,52,GunPointAgeSpan,3,0,3.0,4.0,128.0,64.0,,,transformer,0.0,,,,,0.8987341772151899
CATCH22,52,GunPointAgeSpan,4,0,3.0,4.0,128.0,64.0,,,transformer,0.0,,,,,0.9430379746835443
CATCH22,53,GunPointMaleVersusFemale,0,0,,,,,,uniform,resnet,,3.0,64.0,True,True,0.9810126582278481
CATCH22,53,GunPointMaleVersusFemale,1,0,,,,,,uniform,resnet,,3.0,64.0,True,True,0.9715189873417721
CATCH22,53,GunPointMaleVersusFemale,2,0,,,,,,uniform,resnet,,3.0,64.0,True,True,0.9778481012658228
CATCH22,53,GunPointMaleVersusFemale,3,0,,,,,,uniform,resnet,,3.0,64.0,True,True,0.9715189873417721
CATCH22,53,GunPointMaleVersusFemale,4,0,,,,,,uniform,resnet,,3.0,64.0,True,True,0.9841772151898734
CATCH22,54,GunPointOldVersusYoung,0,0,,,,,,uniform,resnet,,3.0,64.0,True,True,0.9206349206349206
CATCH22,54,GunPointOldVersusYoung,1,0,,,,,,uniform,resnet,,3.0,64.0,True,True,0.8952380952380953
CATCH22,54,GunPointOldVersusYoung,2,0,,,,,,uniform,resnet,,3.0,64.0,True,True,0.9301587301587302
CATCH22,54,GunPointOldVersusYoung,3,0,,,,,,uniform,resnet,,3.0,64.0,True,True,0.9206349206349206
CATCH22,54,GunPointOldVersusYoung,4,0,,,,,,uniform,resnet,,3.0,64.0,True,True,0.7174603174603175
CATCH22,61,InsectEPGRegularTrain,0,0,3.0,4.0,128.0,64.0,,,transformer,0.0,,,,,0.8755020080321285
CATCH22,61,InsectEPGRegularTrain,1,0,3.0,4.0,128.0,64.0,,,transformer,0.0,,,,,0.8674698795180723
CATCH22,61,InsectEPGRegularTrain,2,0,3.0,4.0,128.0,64.0,,,transformer,0.0,,,,,0.7951807228915663
CATCH22,61,InsectEPGRegularTrain,3,0,3.0,4.0,128.0,64.0,,,transformer,0.0,,,,,0.8514056224899599
CATCH22,61,InsectEPGRegularTrain,4,0,3.0,4.0,128.0,64.0,,,transformer,0.0,,,,,0.9156626506024096
CATCH22,63,InsectWingbeatSound,0,0,3.0,4.0,128.0,64.0,,,transformer,0.0,,,,,0.5207070707070707
CATCH22,63,InsectWingbeatSound,1,0,3.0,4.0,128.0,64.0,,,transformer,0.0,,,,,0.5176767676767676
CATCH22,63,InsectWingbeatSound,2,0,3.0,4.0,128.0,64.0,,,transformer,0.0,,,,,0.4909090909090909
CATCH22,63,InsectWingbeatSound,3,0,3.0,4.0,128.0,64.0,,,transformer,0.0,,,,,0.494949494949495
CATCH22,63,InsectWingbeatSound,4,0,3.0,4.0,128.0,64.0,,,transformer,0.0,,,,,0.5106060606060606
CATCH22,64,ItalyPowerDemand,0,0,,,,,,uniform,resnet,,3.0,64.0,True,True,0.8493683187560739
CATCH22,64,ItalyPowerDemand,1,0,,,,,,uniform,resnet,,3.0,64.0,True,True,0.7103984450923226
CATCH22,64,ItalyPowerDemand,2,0,,,,,,uniform,resnet,,3.0,64.0,True,True,0.7687074829931972
CATCH22,64,ItalyPowerDemand,3,0,,,,,,uniform,resnet,,3.0,64.0,True,True,0.8678328474246841
CATCH22,64,ItalyPowerDemand,4,0,,,,,,uniform,resnet,,3.0,64.0,True,True,0.8853255587949466
CATCH22,67,Lightning7,0,0,,,,,,uniform,resnet,,3.0,64.0,True,True,0.4657534246575342
CATCH22,67,Lightning7,1,0,,,,,,uniform,resnet,,3.0,64.0,True,True,0.410958904109589
CATCH22,67,Lightning7,2,0,,,,,,uniform,resnet,,3.0,64.0,True,True,0.6301369863013698
CATCH22,67,Lightning7,3,0,,,,,,uniform,resnet,,3.0,64.0,True,True,0.5342465753424658
CATCH22,67,Lightning7,4,0,,,,,,uniform,resnet,,3.0,64.0,True,True,0.4657534246575342
CATCH22,69,Meat,0,0,,,,,,uniform,resnet,,3.0,16.0,True,True,0.4
CATCH22,69,Meat,1,0,,,,,,uniform,resnet,,3.0,16.0,True,True,0.3333333333333333
CATCH22,69,Meat,2,0,,,,,,uniform,resnet,,3.0,16.0,True,True,0.5333333333333333
CATCH22,69,Meat,3,0,,,,,,uniform,resnet,,3.0,16.0,True,True,0.55
CATCH22,69,Meat,4,0,,,,,,uniform,resnet,,3.0,16.0,True,True,0.55
CATCH22,70,MedicalImages,0,0,3.0,4.0,32.0,16.0,,,transformer,0.0,,,,,0.631578947368421
CATCH22,70,MedicalImages,1,0,3.0,4.0,32.0,16.0,,,transformer,0.0,,,,,0.6118421052631579
CATCH22,70,MedicalImages,2,0,3.0,4.0,32.0,16.0,,,transformer,0.0,,,,,0.6328947368421053
CATCH22,70,MedicalImages,3,0,3.0,4.0,32.0,16.0,,,transformer,0.0,,,,,0.6947368421052632
CATCH22,70,MedicalImages,4,0,3.0,4.0,32.0,16.0,,,transformer,0.0,,,,,0.6368421052631579
CATCH22,71,MelbournePedestrian,0,0,3.0,4.0,128.0,64.0,,,transformer,0.0,,,,,0.7654776547765477
CATCH22,71,MelbournePedestrian,1,0,3.0,4.0,128.0,64.0,,,transformer,0.0,,,,,0.7654776547765477
CATCH22,71,MelbournePedestrian,2,0,3.0,4.0,128.0,64.0,,,transformer,0.0,,,,,0.7334973349733497
CATCH22,71,MelbournePedestrian,3,0,3.0,4.0,128.0,64.0,,,transformer,0.0,,,,,0.7613776137761378
CATCH22,71,MelbournePedestrian,4,0,3.0,4.0,128.0,64.0,,,transformer,0.0,,,,,0.7572775727757277
CATCH22,72,MiddlePhalanxOutlineAgeGroup,0,0,3.0,4.0,32.0,16.0,,,transformer,0.0,,,,,0.5974025974025974
CATCH22,72,MiddlePhalanxOutlineAgeGroup,1,0,3.0,4.0,32.0,16.0,,,transformer,0.0,,,,,0.6103896103896104
CATCH22,72,MiddlePhalanxOutlineAgeGroup,2,0,3.0,4.0,32.0,16.0,,,transformer,0.0,,,,,0.6103896103896104
CATCH22,72,MiddlePhalanxOutlineAgeGroup,3,0,3.0,4.0,32.0,16.0,,,transformer,0.0,,,,,0.5584415584415584
CATCH22,72,MiddlePhalanxOutlineAgeGroup,4,0,3.0,4.0,32.0,16.0,,,transformer,0.0,,,,,0.6168831168831169
CATCH22,73,MiddlePhalanxOutlineCorrect,0,0,,,,,,uniform,resnet,,3.0,64.0,True,True,0.6391752577319587
CATCH22,73,MiddlePhalanxOutlineCorrect,1,0,,,,,,uniform,resnet,,3.0,64.0,True,True,0.711340206185567
CATCH22,73,MiddlePhalanxOutlineCorrect,2,0,,,,,,uniform,resnet,,3.0,64.0,True,True,0.697594501718213
CATCH22,73,MiddlePhalanxOutlineCorrect,3,0,,,,,,uniform,resnet,,3.0,64.0,True,True,0.7250859106529209
CATCH22,73,MiddlePhalanxOutlineCorrect,4,0,,,,,,uniform,resnet,,3.0,64.0,True,True,0.6666666666666666
CATCH22,74,MiddlePhalanxTW,0,0,,,,,,uniform,resnet,,3.0,16.0,True,True,0.5324675324675324
CATCH22,74,MiddlePhalanxTW,1,0,,,,,,uniform,resnet,,3.0,16.0,True,True,0.564935064935065
CATCH22,74,MiddlePhalanxTW,2,0,,,,,,uniform,resnet,,3.0,16.0,True,True,0.5194805194805194
CATCH22,74,MiddlePhalanxTW,3,0,,,,,,uniform,resnet,,3.0,16.0,True,True,0.5909090909090909
CATCH22,74,MiddlePhalanxTW,4,0,,,,,,uniform,resnet,,3.0,16.0,True,True,0.5454545454545454
CATCH22,80,OSULeaf,0,0,,,,,,uniform,resnet,,3.0,64.0,True,True,0.5785123966942148
CATCH22,80,OSULeaf,1,0,,,,,,uniform,resnet,,3.0,64.0,True,True,0.5454545454545454
CATCH22,80,OSULeaf,2,0,,,,,,uniform,resnet,,3.0,64.0,True,True,0.5785123966942148
CATCH22,80,OSULeaf,3,0,,,,,,uniform,resnet,,3.0,64.0,True,True,0.5785123966942148
CATCH22,80,OSULeaf,4,0,,,,,,uniform,resnet,,3.0,64.0,True,True,0.5785123966942148
CATCH22,81,OliveOil,0,0,3.0,4.0,128.0,64.0,,,transformer,0.0,,,,,0.4
CATCH22,81,OliveOil,1,0,3.0,4.0,128.0,64.0,,,transformer,0.0,,,,,0.4
CATCH22,81,OliveOil,2,0,3.0,4.0,128.0,64.0,,,transformer,0.0,,,,,0.4
CATCH22,81,OliveOil,3,0,3.0,4.0,128.0,64.0,,,transformer,0.0,,,,,0.4
CATCH22,81,OliveOil,4,0,3.0,4.0,128.0,64.0,,,transformer,0.0,,,,,0.4
CATCH22,83,PhalangesOutlinesCorrect,0,0,3.0,4.0,128.0,64.0,,,transformer,0.0,,,,,0.7004662004662005
CATCH22,83,PhalangesOutlinesCorrect,1,0,3.0,4.0,128.0,64.0,,,transformer,0.0,,,,,0.7027972027972028
CATCH22,83,PhalangesOutlinesCorrect,2,0,3.0,4.0,128.0,64.0,,,transformer,0.0,,,,,0.682983682983683
CATCH22,83,PhalangesOutlinesCorrect,3,0,3.0,4.0,128.0,64.0,,,transformer,0.0,,,,,0.703962703962704
CATCH22,83,PhalangesOutlinesCorrect,4,0,3.0,4.0,128.0,64.0,,,transformer,0.0,,,,,0.7074592074592074
CATCH22,89,Plane,0,0,,,,,,uniform,resnet,,3.0,64.0,True,True,0.9523809523809523
CATCH22,89,Plane,1,0,,,,,,uniform,resnet,,3.0,64.0,True,True,0.9333333333333333
CATCH22,89,Plane,2,0,,,,,,uniform,resnet,,3.0,64.0,True,True,0.9142857142857143
CATCH22,89,Plane,3,0,,,,,,uniform,resnet,,3.0,64.0,True,True,0.9333333333333333
CATCH22,89,Plane,4,0,,,,,,uniform,resnet,,3.0,64.0,True,True,0.9428571428571428
CATCH22,90,PowerCons,0,0,,,,,,uniform,resnet,,3.0,64.0,True,True,0.85
CATCH22,90,PowerCons,1,0,,,,,,uniform,resnet,,3.0,64.0,True,True,0.8333333333333334
CATCH22,90,PowerCons,2,0,,,,,,uniform,resnet,,3.0,64.0,True,True,0.8666666666666667
CATCH22,90,PowerCons,3,0,,,,,,uniform,resnet,,3.0,64.0,True,True,0.8555555555555555
CATCH22,90,PowerCons,4,0,,,,,,uniform,resnet,,3.0,64.0,True,True,0.8166666666666667
CATCH22,91,ProximalPhalanxOutlineAgeGroup,0,0,3.0,4.0,32.0,16.0,,,transformer,0.0,,,,,0.8097560975609757
CATCH22,91,ProximalPhalanxOutlineAgeGroup,1,0,3.0,4.0,32.0,16.0,,,transformer,0.0,,,,,0.8341463414634146
CATCH22,91,ProximalPhalanxOutlineAgeGroup,2,0,3.0,4.0,32.0,16.0,,,transformer,0.0,,,,,0.824390243902439
CATCH22,91,ProximalPhalanxOutlineAgeGroup,3,0,3.0,4.0,32.0,16.0,,,transformer,0.0,,,,,0.8195121951219512
CATCH22,91,ProximalPhalanxOutlineAgeGroup,4,0,3.0,4.0,32.0,16.0,,,transformer,0.0,,,,,0.8341463414634146
CATCH22,92,ProximalPhalanxOutlineCorrect,0,0,,,,,,uniform,resnet,,3.0,16.0,True,True,0.8144329896907216
CATCH22,92,ProximalPhalanxOutlineCorrect,1,0,,,,,,uniform,resnet,,3.0,16.0,True,True,0.8247422680412371
CATCH22,92,ProximalPhalanxOutlineCorrect,2,0,,,,,,uniform,resnet,,3.0,16.0,True,True,0.7697594501718213
CATCH22,92,ProximalPhalanxOutlineCorrect,3,0,,,,,,uniform,resnet,,3.0,16.0,True,True,0.7697594501718213
CATCH22,92,ProximalPhalanxOutlineCorrect,4,0,,,,,,uniform,resnet,,3.0,16.0,True,True,0.8075601374570447
CATCH22,93,ProximalPhalanxTW,0,0,,,,,,uniform,resnet,,3.0,16.0,True,True,0.7073170731707317
CATCH22,93,ProximalPhalanxTW,1,0,,,,,,uniform,resnet,,3.0,16.0,True,True,0.7414634146341463
CATCH22,93,ProximalPhalanxTW,2,0,,,,,,uniform,resnet,,3.0,16.0,True,True,0.7463414634146341
CATCH22,93,ProximalPhalanxTW,3,0,,,,,,uniform,resnet,,3.0,16.0,True,True,0.7073170731707317
CATCH22,93,ProximalPhalanxTW,4,0,,,,,,uniform,resnet,,3.0,16.0,True,True,0.7219512195121951
CATCH22,102,ShapesAll,0,0,,,,,,uniform,resnet,,3.0,64.0,True,True,0.42833333333333334
CATCH22,102,ShapesAll,1,0,,,,,,uniform,resnet,,3.0,64.0,True,True,0.44666666666666666
CATCH22,102,ShapesAll,2,0,,,,,,uniform,resnet,,3.0,64.0,True,True,0.4
CATCH22,102,ShapesAll,3,0,,,,,,uniform,resnet,,3.0,64.0,True,True,0.415
CATCH22,102,ShapesAll,4,0,,,,,,uniform,resnet,,3.0,64.0,True,True,0.4633333333333333
CATCH22,104,SmoothSubspace,0,0,3.0,4.0,128.0,64.0,,,transformer,0.0,,,,,0.8133333333333334
CATCH22,104,SmoothSubspace,1,0,3.0,4.0,128.0,64.0,,,transformer,0.0,,,,,0.74
CATCH22,104,SmoothSubspace,2,0,3.0,4.0,128.0,64.0,,,transformer,0.0,,,,,0.8133333333333334
CATCH22,104,SmoothSubspace,3,0,3.0,4.0,128.0,64.0,,,transformer,0.0,,,,,0.82
CATCH22,104,SmoothSubspace,4,0,3.0,4.0,128.0,64.0,,,transformer,0.0,,,,,0.7866666666666666
CATCH22,108,Strawberry,0,0,,,,,,uniform,resnet,,3.0,64.0,True,True,0.7675675675675676
CATCH22,108,Strawberry,1,0,,,,,,uniform,resnet,,3.0,64.0,True,True,0.8405405405405405
CATCH22,108,Strawberry,2,0,,,,,,uniform,resnet,,3.0,64.0,True,True,0.827027027027027
CATCH22,108,Strawberry,3,0,,,,,,uniform,resnet,,3.0,64.0,True,True,0.8378378378378378
CATCH22,108,Strawberry,4,0,,,,,,uniform,resnet,,3.0,64.0,True,True,0.827027027027027
CATCH22,109,SwedishLeaf,0,0,,,,,,uniform,resnet,,3.0,64.0,True,True,0.7184
CATCH22,109,SwedishLeaf,1,0,,,,,,uniform,resnet,,3.0,64.0,True,True,0.744
CATCH22,109,SwedishLeaf,2,0,,,,,,uniform,resnet,,3.0,64.0,True,True,0.7344
CATCH22,109,SwedishLeaf,3,0,,,,,,uniform,resnet,,3.0,64.0,True,True,0.7504
CATCH22,109,SwedishLeaf,4,0,,,,,,uniform,resnet,,3.0,64.0,True,True,0.7136
CATCH22,110,Symbols,0,0,3.0,4.0,32.0,16.0,,,transformer,0.0,,,,,0.9005025125628141
CATCH22,110,Symbols,1,0,3.0,4.0,32.0,16.0,,,transformer,0.0,,,,,0.9346733668341709
CATCH22,110,Symbols,2,0,3.0,4.0,32.0,16.0,,,transformer,0.0,,,,,0.8261306532663316
CATCH22,110,Symbols,3,0,3.0,4.0,32.0,16.0,,,transformer,0.0,,,,,0.8824120603015075
CATCH22,110,Symbols,4,0,3.0,4.0,32.0,16.0,,,transformer,0.0,,,,,0.8582914572864322
CATCH22,111,SyntheticControl,0,0,,,,,,uniform,resnet,,3.0,64.0,True,True,0.95
CATCH22,111,SyntheticControl,1,0,,,,,,uniform,resnet,,3.0,64.0,True,True,0.9266666666666666
CATCH22,111,SyntheticControl,2,0,,,,,,uniform,resnet,,3.0,64.0,True,True,0.97
CATCH22,111,SyntheticControl,3,0,,,,,,uniform,resnet,,3.0,64.0,True,True,0.92
CATCH22,111,SyntheticControl,4,0,,,,,,uniform,resnet,,3.0,64.0,True,True,0.8866666666666667
CATCH22,114,Trace,0,0,,,,,,uniform,resnet,,3.0,64.0,True,True,0.93
CATCH22,114,Trace,1,0,,,,,,uniform,resnet,,3.0,64.0,True,True,0.92
CATCH22,114,Trace,2,0,,,,,,uniform,resnet,,3.0,64.0,True,True,0.96
CATCH22,114,Trace,3,0,,,,,,uniform,resnet,,3.0,64.0,True,True,0.96
CATCH22,114,Trace,4,0,,,,,,uniform,resnet,,3.0,64.0,True,True,0.98
CATCH22,116,TwoPatterns,0,0,,,,,,uniform,resnet,,3.0,64.0,True,True,0.86375
CATCH22,116,TwoPatterns,1,0,,,,,,uniform,resnet,,3.0,64.0,True,True,0.87025
CATCH22,116,TwoPatterns,2,0,,,,,,uniform,resnet,,3.0,64.0,True,True,0.84375
CATCH22,116,TwoPatterns,3,0,,,,,,uniform,resnet,,3.0,64.0,True,True,0.8475
CATCH22,116,TwoPatterns,4,0,,,,,,uniform,resnet,,3.0,64.0,True,True,0.86
CATCH22,117,UMD,0,0,,,,,,uniform,resnet,,3.0,64.0,True,True,0.6111111111111112
CATCH22,117,UMD,1,0,,,,,,uniform,resnet,,3.0,64.0,True,True,0.4861111111111111
CATCH22,117,UMD,2,0,,,,,,uniform,resnet,,3.0,64.0,True,True,0.6111111111111112
CATCH22,117,UMD,3,0,,,,,,uniform,resnet,,3.0,64.0,True,True,0.7083333333333334
CATCH22,117,UMD,4,0,,,,,,uniform,resnet,,3.0,64.0,True,True,0.6388888888888888
CATCH22,119,UWaveGestureLibraryX,0,0,3.0,4.0,128.0,64.0,,,transformer,0.0,,,,,0.6987716359575656
CATCH22,119,UWaveGestureLibraryX,1,0,3.0,4.0,128.0,64.0,,,transformer,0.0,,,,,0.6761585706309324
CATCH22,119,UWaveGestureLibraryX,2,0,3.0,4.0,128.0,64.0,,,transformer,0.0,,,,,0.7040759352317141
CATCH22,119,UWaveGestureLibraryX,3,0,3.0,4.0,128.0,64.0,,,transformer,0.0,,,,,0.7037967615857063
CATCH22,119,UWaveGestureLibraryX,4,0,3.0,4.0,128.0,64.0,,,transformer,0.0,,,,,0.6817420435510888
CATCH22,120,UWaveGestureLibraryY,0,0,3.0,4.0,32.0,16.0,,,transformer,0.0,,,,,0.5999441652707984
CATCH22,120,UWaveGestureLibraryY,1,0,3.0,4.0,32.0,16.0,,,transformer,0.0,,,,,0.5873813512004467
CATCH22,120,UWaveGestureLibraryY,2,0,3.0,4.0,32.0,16.0,,,transformer,0.0,,,,,0.6058068118369626
CATCH22,120,UWaveGestureLibraryY,3,0,3.0,4.0,32.0,16.0,,,transformer,0.0,,,,,0.6085985482970407
CATCH22,120,UWaveGestureLibraryY,4,0,3.0,4.0,32.0,16.0,,,transformer,0.0,,,,,0.602177554438861
CATCH22,122,Wafer,0,0,3.0,4.0,32.0,16.0,,,transformer,0.0,,,,,0.994970798182998
CATCH22,122,Wafer,1,0,3.0,4.0,32.0,16.0,,,transformer,0.0,,,,,0.995944192083063
CATCH22,122,Wafer,2,0,3.0,4.0,32.0,16.0,,,transformer,0.0,,,,,0.9938351719662557
CATCH22,122,Wafer,3,0,3.0,4.0,32.0,16.0,,,transformer,0.0,,,,,0.9918883841661259
CATCH22,122,Wafer,4,0,3.0,4.0,32.0,16.0,,,transformer,0.0,,,,,0.9914016872160935
CATCH22,124,WordSynonyms,0,0,,,,,,uniform,resnet,,3.0,16.0,True,True,0.3557993730407524
CATCH22,124,WordSynonyms,1,0,,,,,,uniform,resnet,,3.0,16.0,True,True,0.21473354231974923
CATCH22,124,WordSynonyms,2,0,,,,,,uniform,resnet,,3.0,16.0,True,True,0.16300940438871472
CATCH22,124,WordSynonyms,3,0,,,,,,uniform,resnet,,3.0,16.0,True,True,0.219435736677116
CATCH22,124,WordSynonyms,4,0,,,,,,uniform,resnet,,3.0,16.0,True,True,0.219435736677116
CATCH22,127,Yoga,0,0,3.0,4.0,32.0,16.0,,,transformer,0.0,,,,,0.698
CATCH22,127,Yoga,1,0,3.0,4.0,32.0,16.0,,,transformer,0.0,,,,,0.6743333333333333
CATCH22,127,Yoga,2,0,3.0,4.0,32.0,16.0,,,transformer,0.0,,,,,0.629
CATCH22,127,Yoga,3,0,3.0,4.0,32.0,16.0,,,transformer,0.0,,,,,0.694
CATCH22,127,Yoga,4,0,3.0,4.0,32.0,16.0,,,transformer,0.0,,,,,0.617
